name	sha256	class	pack
bash-glob-silenced	202b36591e3b33a51e91dba771e7a1a58464634ac682af79ecf1d5955bf40add	reminder	470fe98
bash-pipe-exit	d8cf69aad22a7eab4b0c516320456dde21d5d1a5e7ef15455bc5e5f24abade45	reminder	470fe98
kit-close-needs-evidence	b48eb52d4534b15e691033ca5369bccc2c01ddd6ee95388e17c9af65dbea66ed	tripwire	470fe98
kit-close-reason-no-evidence	4ed3e4024bd411175349d55710c75f12f66b4918b252c1adab90a41dbd7baef2	tripwire	470fe98
kit-gate-must-name-the-plant	f3ab84a320e7c07d2ca52b3d2f267efadc241f130b1187e576e01cde02470980	reminder	470fe98
kit-jsonl-close	a8bdcd79c987ce5a88a6df35a64412f839ad8a737b5d308ae68dda635c535f37	tripwire	470fe98
kit-no-ask-rmrf	ca49518338516ad238414f0debbc72e1988b0748ec23714c07bb37e386c69397	tripwire	470fe98
kit-no-force-push	8bd2d8ce56dbf58a662c476e645ea5bd7c93a69c2d4e04a3544f7cef94cd92c0	reminder	470fe98
kit-no-pattern-kill	1f90c3d6d7fc61b5f8eea5f3539c51ca6c54d0c28fa2d303216230e8cb83f57c	reminder	470fe98
kit-no-verify	34c5e3e8e062344aa22e4a0272a203f6e8a09dec2f5f5d12804d65bb79a4e312	tripwire	470fe98
kit-relative-path-not-cwd	5e302ba41306d6803bfa61efb417ad588123cd4cc0a9db307cd960081fc860d6	reminder	470fe98
kit-scratch-tmp	e202a6eb6916abfe19a56afe5cfab87e9c7240a790230cf70a7552e158f82e76	reminder	470fe98
kit-settings-mutation	ad0e0bdb664ce96b2793fedd2fe53cf76a2a532c10527a2f9bf0b9e689c357ce	tripwire	470fe98
kit-solo-review-not-review	7b805e263b4b31b2ed8e0e21d4701d166aaeb40c32b1bdb2346128cc5872f7df	reminder	470fe98
kit-standing-law	5470d0d4088c77bb3780e5bab5493a755cfeb84cb730b3b7e0cf771e052f60fa	always	470fe98
kit-structure-not-truth	3b55d0295c7bd35c1b37cbeeb727335ce56347bc85b96bd2d9359aa4d1f05ce6	reminder	470fe98
kit-test-skip	673f3f50323ea885f2c52fb36b0af633aa17150c084b82dbf724169b1b8c0d1e	tripwire	470fe98
kit-unverified-done	fc6a703dab31b56391fce4bb2a1b562fcc802e31eb7484ce224b91ddcac62418	tripwire	470fe98
kit-weasel-retry	f33621559ab48c89f5e31c1d162ed2efda73c8c77cd138fe73f47207e7c5fd9a	tripwire	470fe98
rs-unsafe-added-router	6b3681e6c1e49258d01a7da75b63c2b4425ad741b4dd12012360ccd4e71494b1	router	470fe98
ttsr-embedded-inline-flag	93a42db3dbad1170b0db0305073537b4984ada74ef8f0c60d079956445e2ef2c	reminder	470fe98
zz-canary-scope-probe	0e3d1f4dc76da4ffaa44dfe549a14e50d011c4f7f42f2f0d34f29d648c484401	canary	470fe98
