id	guide	kind	mechanism	fire	quiet
K1	complete-guide > The Flywheel Effect > The Kernel: 9 Invariants > 1 Global reasoning belongs in plan space	cli	planning score	tests/cli/planning-score.test.ts::planted planning defects fail only their own metric	tests/cli/planning-score.test.ts::the protocol fixture passes every planning metric
K2	complete-guide > The Flywheel Effect > The Kernel: 9 Invariants > 2 The markdown plan must be comprehensive before coding starts	cli	planning score	tests/cli/planning-score.test.ts::partial commit history reports unknown for every historical metric	tests/cli/planning-score.test.ts::the protocol fixture passes every planning metric
K3	complete-guide > The Flywheel Effect > The Kernel: 9 Invariants > 3 Plan-to-beads is a distinct translation problem	cli	planning convert	tests/cli/planning-convert.test.ts::planted negatives are named and the human report survives a nonzero exit	tests/cli/planning-convert.test.ts::valid plan creates native parented beads and refuses a duplicate database
K4	complete-guide > The Flywheel Effect > The Kernel: 9 Invariants > 4 Beads are the execution substrate	send	BEAD_REQUIRED	tests/cli/send.test.ts::BEAD1: a D dispatch citing no bead is refused with zero tmux submission	tests/cli/send.test.ts::BEAD3: DONE/BLOCKED returns, R: replies and notes are not dispatches
K5	complete-guide > The Flywheel Effect > The Kernel: 9 Invariants > 5 Convergence matters more than first drafts	cli	planning score	tests/cli/planning-score.test.ts::plan-round target override changes only that verdict	tests/cli/planning-score.test.ts::the protocol fixture passes every planning metric
K6	complete-guide > The Flywheel Effect > The Kernel: 9 Invariants > 6 Swarm agents are fungible	doctor	DIRECTOR_DOING_WORK	tests/cli/fleet-flywheel-doctor.test.ts::busy director with every worker idle 25 min fires DIRECTOR_DOING_WORK	tests/cli/fleet-flywheel-doctor.test.ts::one busy worker keeps DIRECTOR_DOING_WORK quiet
K7	complete-guide > The Flywheel Effect > The Kernel: 9 Invariants > 7 Coordination must survive crashes and compaction	extension	kit-flywheel-guard	extensions/kit-flywheel-guard.test.ts::COMPACTION_REREAD: session_compact injects a reread of the nearest AGENTS.md and br show	extensions/kit-flywheel-guard.test.ts::COMPACTION_REREAD negative: an ordinary turn emits nothing
K8	complete-guide > The Flywheel Effect > The Kernel: 9 Invariants > 8 Session history is part of the system	cli	fleet-lessons	tests/cli/fleet-lessons.test.ts::fleet report groups normalized cross-repo lessons and keeps missing repos visible	tests/cli/fleet-lessons.test.ts::fleet report reruns do not plan a duplicate uphill bead for the same class and normalized what
K9	complete-guide > The Flywheel Effect > The Kernel: 9 Invariants > 9 Implementation is not the finish line	extension	kit-flywheel-guard	extensions/kit-flywheel-guard.test.ts::SELF_CLOSE_REFUSED: closing a bead assigned to the caller's pane identity is blocked	extensions/kit-flywheel-guard.test.ts::SELF_CLOSE_REFUSED negative: a different closer is allowed silently
K9b	complete-guide > The Flywheel Effect > The Kernel: 9 Invariants > 9 Implementation is not the finish line	ttsr	kit-close-reason-no-evidence	cases/cases.tsv::kit-close-reason-no-evidence::fire	cases/cases.tsv::kit-close-reason-no-evidence::quiet
A1	complete-guide > The Complete Toolchain > Anti-Patterns to Avoid > Single-pass beads	cli	planning score	tests/cli/planning-score.test.ts::plan-round target override changes only that verdict	tests/cli/planning-score.test.ts::the protocol fixture passes every planning metric
A2	complete-guide > The Complete Toolchain > Anti-Patterns to Avoid > Skipping plan-to-bead validation	cli	planning convert	tests/cli/planning-convert.test.ts::planted negatives are named and the human report survives a nonzero exit	tests/cli/planning-convert.test.ts::valid plan creates native parented beads and refuses a duplicate database
A3	complete-guide > The Complete Toolchain > Anti-Patterns to Avoid > Communication purgatory	doctor	COMMUNICATION_PURGATORY	tests/cli/fleet-flywheel-doctor.test.ts::9 sends, 0 commits, claimed bead fires COMMUNICATION_PURGATORY	tests/cli/fleet-flywheel-doctor.test.ts::9 sends against 3 attributed commits is quiet
A4	complete-guide > The Complete Toolchain > Anti-Patterns to Avoid > Holding reservations too long	doctor	reservation-age	tests/cli/reservation-age.test.ts::CYCLE1 planted: a 45-minute hold is reported, a 10-minute hold is not	tests/cli/reservation-age.test.ts::CYCLE1: released, expired and non-exclusive holds are excluded; bad records count unreadable
A5	complete-guide > The Complete Toolchain > Anti-Patterns to Avoid > Not re-reading AGENTS.md after compaction	extension	kit-flywheel-guard	extensions/kit-flywheel-guard.test.ts::COMPACTION_REREAD: session_compact injects a reread of the nearest AGENTS.md and br show	extensions/kit-flywheel-guard.test.ts::COMPACTION_REREAD negative: an ordinary turn emits nothing
S1	complete-guide > The Coordination Stack > Single-Branch Git Model	ttsr	kit-skill-forbidden-instruction	cases/cases.tsv::kit-skill-forbidden-instruction::fire	cases/cases.tsv::kit-skill-forbidden-instruction::quiet
S2	complete-guide > The Coordination Stack > Single-Branch Git Model	ttsr	kit-no-shared-merge	cases/cases.tsv::kit-no-shared-merge::fire	cases/cases.tsv::kit-no-shared-merge::quiet
